Fan_rhythm,raw,38,IRKitC8E5,5408:6648:787:2626:2626:935:2537:935:787:2626:2626:935:2537:935:787:2626:787:2626:2626:904:787:2626:787:2626:787:2626:787:2626:2626:904:787:2626:787:2626:787:13230:5408:6648:787:2626:2626:935:2626:935:787:2626:2626:935:2537:935:787:2626:787:2626:2626:904:787:2626:787:2626:787:2626:787:2626:2626:904:787:2626:787:2626:787:13230:5408:6648:787:2626:2626:935:2626:935:787:2626:2626:935:2537:935:787:2626:787:2626:2626:904:787:2626:787:2626:787:2626:787:2626:2626:904:787:2626:787:2626:787:13230:5598:6648:873:2537:2537:843:2537:843:843:2537:2537:843:2537:843:843:2537:843:2537:2537:843:843:2537:843:2537:843:2537:843:2537:2537:843:843:2537:843:2537:843:13230:5598:6648:873:2537:2537:843:2537:843:843:2537:2537:843:2537:843:843:2537:843:2537:2537:843:843:2537:843:2537:843:2537:843:2537:2537:843:843:2537:843:2537:843:13230:5598:6648:873:2537:2537:843:2537:843:843:2537:2537:843:2537:843:843:2537:843:2537:2537:843:843:2537:843:2537:843:2537:843:2537:2537:843:843:2537:843:2537:843:13230:5598:6648:873:2537:2537:843:2537:843:843:2537:2537:843:2537:843:843:2537:843:2537:2537:843:843:2537:843:2537:843:2537:843:2537:2537:843:843:2537:843:2537:843
Fan_OffTimer,raw,38,IRKitC8E5,5598:6648:873:2537:2537:873:2537:873:873:2537:2537:873:2537:873:873:2537:873:2537:2537:873:873:2537:873:2537:873:2537:2537:873:873:2537:873:2537:873:2537:873:13230:5598:6648:873:2537:2537:843:2537:843:843:2537:2537:843:2537:843:843:2537:843:2537:2537:843:843:2537:843:2537:843:2537:2537:843:843:2537:843:2537:843:2537:843:13230:5598:6648:873:2537:2537:843:2537:843:843:2537:2537:843:2537:843:843:2537:843:2537:2537:843:843:2537:843:2537:843:2537:2537:843:843:2537:843:2537:843:2537:843:13230:5598:6648:873:2537:2537:843:2537:843:843:2537:2537:843:2537:843:843:2537:843:2537:2537:843:843:2537:843:2537:843:2537:2537:843:843:2537:843:2537:843:2537:843:13230:5598:6648:873:2537:2537:843:2537:843:843:2537:2537:843:2537:843:843:2537:843:2537:2537:843:843:2537:843:2537:843:2537:2537:843:843:2537:843:2537:843:2537:843:13230:5598:6648:873:2537:2537:843:2537:843:843:2537:2537:843:2537:843:843:2537:843:2537:2537:843:843:2537:843:2537:843:2537:2537:843:843:2537:843:2537:843:2537:843:13230:5598:6648:873:2537:2537:843:2537:843:843:2537:2537:843:2537:843:843:2537:843:2537:2537:843:843:2537:843:2537:843:2537:2537:843:843:2537:843:2537:843:2537:843:13230:5598:6648:873:2537:2537:843:2537:843:843:2537:2537:935:2537:935:787:2626:787:2626:2626:904:787:2626:787:2626:787:2626:2626:904:787:2626:787:2626:787:2626:787:13230:5598:6648:787:2626:2626:935:2626:935:787:2626:2626:935:2537:935:787:2626:787:2626:2626:904:787:2626:787:2626:787:2626:2626:904:787:2626:787:2626:787:2626:787
Fan_Power,raw,38,IRKitC8E5,5598:6648:904:2537:2537:815:2626:815:904:2537:2537:815:2626:815:904:2537:904:2537:2537:787:904:2537:904:2537:904:2537:904:2537:904:2537:904:2537:2537:787:904:13230:5598:6648:904:2537:2537:815:2537:815:904:2537:2537:815:2626:815:904:2537:904:2537:2537:787:904:2537:904:2537:904:2537:904:2537:904:2537:904:2537:2537:787:904:13230:5598:6648:904:2537:2537:815:2537:815:904:2537:2537:815:2626:815:815:2626:815:2626:2626:815:815:2626:815:2626:815:2626:815:2626:815:2626:815:2626:2626:815:815:13230:5598:6648:815:2626:2626:873:2626:873:787:2626:2626:873:2537:873:761:2626:761:2626:2626:935:735:2718:735:2718:735:2718:735:2718:735:2718:735:2718:2451:935:735:13230:5408:6648:735:2718:2451:968:2451:968:735:2718:2451:968:2451:968:735:2718:735:2718:2451:935:735:2718:735:2718:735:2718:735:2718:815:2626:815:2626:2626:815:815:13230:5598:6648:904:2537:2537:815:2537:815:904:2537:2537:815:2626:815:904:2537:904:2537:2537:787:904:2537:904:2537:904:2537:904:2537:904:2537:904:2537:2537:787:904:13230:5598:6648:904:2537:2537:815:2537:815:904:2537:2537:815:2626:815:904:2537:904:2537:2537:787:904:2537:904:2537:904:2537:904:2537:904:2537:904:2537:2537:787:904:13230:5598:6648:904:2537:2537:815:2537:815:904:2537:2537:815:2626:815:904:2537:904:2537:2537:904:904:2537:904:2537:904:2537:904:2537:904:2537:904:2537:2537:904:904
Fan_huryo,raw,38,IRKitC8E5,5408:6648:787:2626:2626:935:2537:935:787:2626:2626:935:2537:935:787:2626:787:2626:2626:904:787:2626:787:2626:787:2626:787:2626:787:2626:2626:904:787:2626:787:13230:5408:6648:787:2626:2626:935:2626:935:787:2626:2626:935:2537:935:787:2626:787:2626:2626:904:787:2626:787:2626:787:2626:787:2626:787:2626:2626:904:787:2626:787:13230:5408:6648:787:2626:2626:935:2626:935:787:2626:2626:935:2537:935:787:2626:787:2626:2626:904:787:2626:787:2626:787:2626:787:2626:787:2626:2626:904:787:2626:787:13230:5408:6648:787:2626:2626:935:2626:935:787:2626:2626:935:2537:935:787:2626:787:2626:2626:904:787:2626:787:2626:787:2626:787:2626:787:2626:2626:904:787:2626:787:13230:5408:6648:787:2626:2626:935:2626:935:787:2626:2626:935:2537:935:787:2626:787:2626:2626:904:787:2626:787:2626:787:2626:787:2626:787:2626:2626:904:787:2626:787:13230:5598:6648:787:2626:2626:935:2626:935:787:2626:2626:935:2537:935:787:2626:787:2626:2626:904:787:2626:787:2626:787:2626:787:2626:787:2626:2626:904:787:2626:787
Liv_zento,raw,38,IRKitC8E5,17421:8755:1150:1037:1150:1037:1150:3228:1150:1037:1150:1037:1150:1037:1150:1037:1150:3341:1150:1037:1150:3228:1190:1037:1150:1037:1150:3228:1190:1037:1150:3228:1190:1037:1150:1037:1150:3228:1190:1037:1150:3341:1150:1037:1190:3228:1190:3228:1190:1037:1150:3228:1190:1037:1190:3228:1150:1037:1150:3228:1190:1037:1150:1037:1150:3228:1150:65535:0:17421:17421:8755:1150:1037:1150:1037:1150:3228:1150:1037:1150:1037:1150:1037:1150:1037:1150:3341:1150:1037:1150:3228:1190:1037:1150:1037:1150:3228:1190:1037:1150:3228:1190:1037:1150:1037:1150:3228:1190:1037:1150:3341:1150:1037:1190:3228:1150:3228:1150:1037:1150:3228:1150:1037:1190:3228:1150:1037:1150:3228:1190:1037:1150:1037:1150:3228:1150
Liv_choko,raw,38,IRKitC8E5,17421:8755:1190:1037:1190:1037:1190:3341:1190:1037:1150:1037:1150:1037:1150:1037:1150:3341:1150:1037:1150:3228:1190:1037:1150:1037:1150:3228:1190:1037:1150:3228:1190:1037:1150:1037:1150:3228:1190:3228:1190:1037:1150:1037:1150:1037:1150:3228:1190:1037:1150:3228:1150:1037:1190:1037:1190:3341:1150:3341:1150:3341:1150:1037:1150:3228:1150:65535:0:17421:17421:8755:1150:1037:1150:1037:1150:3341:1150:1037:1150:1037:1150:1037:1150:1037:1150:3458:1150:1037:1150:3228:1150:1150:1150:1037:1150:3228:1150:1150:1150:3228:1150:1150:1150:1037:1150:3228:1150:3228:1150:1037:1150:1037:1150:1037:1150:3228:1150:1150:1150:3228:1150:1037:1150:1037:1150:3341:1150:3341:1150:3341:1150:1037:1150:3228:1150
Liv_shoko,raw,38,IRKitC8E5,17421:8755:1190:1037:1190:1037:1190:3341:1150:1037:1150:1037:1150:1037:1150:1037:1150:3341:1190:1037:1150:3228:1190:1037:1190:1037:1190:3228:1190:1037:1150:3228:1190:1037:1150:1037:1150:1037:1150:3341:1150:3341:1150:3341:1150:3341:1150:3341:1150:1037:1150:3228:1150:3228:1150:1037:1150:1037:1150:1037:1150:1037:1150:1037:1150:3228:1150:65535:0:17421:17421:8755:1150:1037:1150:1037:1150:3341:1190:1037:1150:1037:1150:1037:1150:1037:1150:3341:1150:1037:1150:3228:1190:1073:1073:1073:1073:3228:1190:1073:1190:3228:1150:1150:1150:1037:1150:1037:1150:3341:1150:3341:1150:3341:1150:3341:1150:3341:1150:1150:1150:3341:1150:3341:1150:1150:1150:1037:1150:1037:1150:1037:1150:1037:1150:3228:1150
Liv_mame,raw,38,IRKitC8E5,17421:8755:1150:1150:1150:1150:1150:3228:1150:1037:1150:1037:1150:1037:1150:1037:1150:3341:1150:1037:1150:3228:1232:1037:1150:1037:1150:3341:1190:1037:1150:3341:1232:1037:1150:1037:1150:1037:1150:1037:1150:3341:1150:3341:1150:1037:1150:3341:1232:1037:1150:3228:1150:3228:1150:3228:1150:1037:1150:1037:1150:3228:1150:1037:1190:3228:1150
Diga_play,raw,38,IRKitC8E5,6881:3341:904:904:904:2537:904:815:904:815:904:815:904:815:904:815:904:815:904:815:904:815:904:815:904:815:904:815:904:2537:904:904:904:904:904:904:904:815:904:815:904:815:904:2537:904:2537:904:815:904:2537:904:904:904:904:904:904:904:815:904:815:904:815:904:815:904:815:904:815:904:2537:904:815:904:2537:904:904:904:904:904:904:904:904:904:904:904:2537:904:904:904:2537:904:2537:904:2537:904:904:904:2537:904:65535:0:65535:0:18031:6881:3341:904:815:904:2537:904:904:904:815:904:815:904:815:904:815:904:815:904:815:904:815:904:815:904:815:904:815:904:2537:904:904:904:904:904:904:904:904:904:815:904:815:904:2537:904:2537:904:815:904:2537:904:904:904:904:904:904:904:815:904:815:904:815:904:815:904:815:904:815:904:2537:904:815:904:2537:904:904:904:904:904:904:904:904:904:815:904:2537:904:904:904:2537:904:2537:904:2537:904:904:904:2537:904
Diga_back,raw,38,IRKitC8E5,6881:3341:873:873:873:2537:873:873:873:873:873:873:873:873:873:873:873:873:873:873:873:873:873:873:873:873:873:873:873:2537:873:873:873:873:873:873:873:873:873:873:873:873:873:2537:873:2537:873:873:873:2537:873:873:873:873:873:873:873:873:873:873:873:873:873:873:873:873:873:873:873:873:873:2537:873:873:873:873:873:873:873:873:873:873:873:873:873:873:873:2537:873:873:873:2537:873:2537:873:873:873:2537:873:65535:0:65535:0:18031:6881:3341:873:873:873:2537:904:904:904:904:904:904:904:904:904:904:904:904:904:904:904:904:904:904:904:904:904:904:904:2537:904:904:904:904:904:904:904:904:904:904:904:904:904:2537:904:2537:904:904:904:2537:904:904:904:904:904:904:904:904:904:904:904:904:904:904:904:904:904:904:904:904:904:2537:904:904:904:904:904:904:904:904:904:904:904:904:904:904:904:2537:904:904:904:2537:904:2537:904:904:904:2537:904
Diga_prev,raw,38,IRKitC8E5,6881:3341:873:873:873:2537:873:873:873:873:873:873:873:873:873:873:873:873:873:873:873:873:873:873:873:873:873:873:873:2537:873:873:873:873:873:873:873:873:873:873:873:873:873:2537:873:2537:873:873:873:2537:873:873:873:873:873:873:873:873:873:873:873:873:873:873:873:873:873:2537:873:873:873:2537:873:873:873:873:873:873:873:873:873:873:873:2537:873:873:873:2537:873:873:873:2537:873:2537:873:873:873:2537:873
Diga_skipBack,raw,38,IRKitC8E5,6881:3341:873:873:873:2537:873:873:873:873:873:873:873:873:873:873:873:873:873:873:873:873:873:873:873:873:873:873:873:2537:873:873:873:873:873:873:873:873:873:873:873:873:873:2537:873:2537:873:873:873:2537:873:873:873:873:873:873:873:873:873:873:873:873:873:873:873:873:873:2537:873:873:873:873:873:2537:873:873:873:873:873:2537:873:873:873:2537:873:873:873:873:873:2537:873:2537:873:2537:873:2537:873:2537:873:65535:0:65535:0:18031:6881:3341:873:873:873:2537:873:873:873:873:873:873:873:873:873:873:873:873:873:873:873:873:873:873:873:873:873:873:873:2537:873:873:873:873:873:873:873:873:873:873:873:873:873:2537:873:2537:873:873:873:2537:873:873:873:873:873:873:873:873:873:873:873:873:873:873:873:873:873:2537:873:873:873:873:873:2537:873:873:873:873:873:2537:873:873:873:2537:873:873:873:873:873:2537:873:2537:873:2537:873:2537:873:2537:873
Diga_skipPrev,raw,38,IRKitC8E5,6881:3341:873:873:873:2537:873:873:873:873:873:873:873:873:873:873:873:873:873:873:873:873:873:873:873:873:873:873:873:2537:873:873:873:873:873:873:873:873:873:873:873:873:873:2537:873:2537:873:873:873:2537:873:873:873:873:873:873:873:873:873:873:873:873:873:873:873:873:873:873:873:2537:873:873:873:2537:873:873:873:873:873:2537:873:873:873:873:873:2537:873:873:873:2537:873:2537:873:2537:873:2537:873:2537:873:65535:0:65535:0:18031:6881:3341:873:873:873:2537:873:873:873:873:873:873:873:873:873:873:873:873:873:873:873:873:873:873:873:873:873:873:873:2537:873:873:873:873:873:873:873:873:873:873:873:873:873:2537:873:2537:873:873:873:2537:873:873:873:873:873:873:873:873:873:873:873:873:873:873:873:873:873:873:873:2537:873:873:873:2537:873:873:873:873:873:2537:873:873:873:873:873:2537:873:873:873:2537:873:2537:873:2537:873:2537:873:2537:873
Diga_pause,raw,38,IRKitC8E5,6881:3341:904:904:904:2537:904:904:904:904:904:904:904:904:904:904:904:904:904:904:904:904:904:904:904:904:904:904:904:2537:904:904:904:904:904:904:904:904:904:904:904:904:904:2537:904:2537:904:904:904:2537:904:904:904:904:904:904:904:904:904:904:904:904:904:904:904:904:904:904:904:2537:904:2537:904:904:904:904:904:904:904:904:904:904:904:904:904:2537:904:2537:904:904:904:2537:904:2537:904:904:904:2537:904:65535:0:65535:0:18031:6881:3341:873:873:873:2537:873:873:873:873:873:873:873:873:873:873:873:873:873:873:873:873:873:873:873:873:873:873:873:2537:873:873:873:873:873:873:873:873:873:873:873:873:873:2537:873:2537:873:873:873:2537:873:873:873:873:873:873:873:873:873:873:873:873:873:873:873:873:873:873:873:2537:873:2537:873:873:873:873:873:873:873:873:873:873:873:873:873:2537:873:2537:873:873:873:2537:873:2537:873:873:873:2537:873
Diga_stop,raw,38,IRKitC8E5,6881:3341:904:904:904:2537:904:904:904:904:904:904:904:904:904:904:904:904:904:904:904:904:904:904:904:904:904:904:904:2537:904:904:904:904:904:904:904:904:904:904:904:904:904:2537:904:2537:904:904:904:2537:904:904:904:904:904:904:904:904:904:904:904:904:904:904:904:904:904:904:904:904:904:904:904:904:904:904:904:904:904:904:904:904:904:904:904:904:904:904:904:904:904:2537:904:2537:904:904:904:2537:904:65535:0:65535:0:18031:6881:3341:873:873:873:2537:873:873:873:873:873:873:873:873:873:873:873:873:873:873:873:873:873:873:873:873:873:873:873:2537:873:873:873:873:873:873:873:873:873:873:873:873:873:2537:873:2537:873:873:873:2537:873:873:873:873:873:873:873:873:873:873:873:873:873:873:873:873:873:873:873:873:873:873:873:873:873:873:873:873:873:873:873:873:873:873:873:873:873:873:873:873:873:2537:873:2537:873:873:873:2537:873
Diga_start,raw,38,IRKitC8E5,6881:3341:873:873:873:2537:873:873:873:873:873:873:873:873:873:873:873:873:873:873:873:873:873:873:873:873:873:873:873:2537:873:873:873:873:873:873:873:873:873:873:873:873:873:2537:873:2537:873:873:873:2537:873:873:873:873:873:873:873:873:873:873:873:873:873:873:873:873:873:2537:873:2537:873:2537:873:873:873:2537:873:873:873:2537:873:873:873:2537:873:2537:873:2537:873:873:873:873:873:2537:873:2537:873:2537:873:65535:0:65535:0:18031:6881:3458:873:873:873:2537:873:873:873:873:873:873:873:873:873:873:873:873:873:873:873:873:873:873:873:873:873:873:873:2537:873:873:873:873:873:873:873:873:873:873:873:873:873:2537:873:2537:873:873:873:2537:873:873:873:873:873:873:873:873:873:873:873:873:873:873:873:873:873:2537:873:2537:873:2537:873:873:873:2537:873:873:873:2537:873:873:873:2537:873:2537:873:2537:873:873:873:873:873:2537:873:2537:873:2537:873
Diga_rokugaList,raw,38,IRKitC8E5,6881:3341:873:873:873:2537:873:873:873:873:873:873:873:873:873:873:873:873:873:873:873:873:873:873:873:873:873:873:873:2537:873:873:873:873:873:873:873:873:873:873:873:873:873:2537:873:2537:873:873:873:2537:873:873:873:873:873:873:873:873:873:873:873:873:873:873:873:873:873:2537:873:2537:873:873:873:2537:873:2537:873:873:873:873:873:2537:873:2537:873:2537:873:873:873:2537:873:873:873:2537:873:873:873:873:873:65535:0:65535:0:18031:6881:3341:873:873:873:2537:873:873:873:873:873:873:873:873:873:873:873:873:873:873:873:873:873:873:873:873:873:873:873:2537:873:873:873:873:873:873:873:873:873:873:873:873:873:2537:873:2537:873:873:873:2537:873:873:873:873:873:873:873:873:873:873:873:873:873:873:873:873:873:2537:873:2537:873:873:873:2537:873:2537:873:873:873:873:873:2537:873:2537:873:2537:873:873:873:2537:873:873:873:2537:873:873:873:873:873
Diga_TVList,raw,38,IRKitC8E5,6881:3341:873:873:873:2537:873:873:873:873:873:873:873:873:873:873:873:873:873:873:873:873:873:873:873:873:873:873:873:2537:873:873:873:873:873:873:873:873:873:873:873:873:873:2537:873:2537:873:873:873:2537:873:873:873:873:873:873:873:873:873:873:873:873:873:873:873:873:873:873:873:873:873:873:873:873:873:873:873:2537:873:2537:873:873:873:873:873:873:873:873:873:873:873:2537:873:873:873:2537:873:2537:873:65535:0:65535:0:18031:6881:3458:904:904:904:2537:873:873:873:873:873:873:873:873:873:873:873:873:873:873:873:873:873:873:873:873:873:873:873:2537:873:873:873:873:873:873:873:873:873:873:873:873:873:2537:873:2537:873:873:873:2537:873:873:873:873:873:873:873:873:873:873:873:873:873:873:873:873:873:873:873:873:873:873:873:873:873:873:873:2537:873:2537:873:873:873:873:873:873:873:873:873:873:873:2537:873:873:873:2537:873:2537:873
Diga_done,raw,38,IRKitC8E5,6881:3341:873:873:873:2537:873:873:873:873:873:873:873:873:873:873:873:873:873:873:873:873:873:873:873:873:873:873:873:2537:873:873:873:873:873:873:873:873:873:873:873:873:873:2537:873:2537:873:873:873:2537:873:873:873:873:873:873:873:873:873:873:873:873:873:873:873:873:873:873:873:2537:873:873:873:873:873:873:873:873:873:873:873:2537:873:873:873:2537:873:873:873:873:873:2537:873:2537:873:873:873:873:873:65535:0:65535:0:18031:6881:3341:873:873:873:2537:873:873:873:873:873:873:873:873:873:873:873:873:873:873:873:873:873:873:873:873:873:873:873:2537:873:873:873:873:873:873:873:873:873:873:873:873:873:2537:873:2537:873:873:873:2537:873:873:873:873:873:873:873:873:873:873:873:873:873:873:873:873:873:873:873:2537:873:873:873:873:873:873:873:873:873:873:873:2537:873:873:873:2537:873:873:873:873:873:2537:873:2537:873:873:873:873:873
Diga_up,raw,38,IRKitC8E5,6881:3341:904:904:904:2537:904:904:904:904:904:904:904:904:904:904:904:904:904:904:904:904:904:904:904:904:904:904:904:2537:904:904:904:904:904:904:904:904:904:904:904:904:904:2537:904:2537:904:904:904:2537:904:904:904:904:904:904:904:904:904:904:904:904:904:904:904:904:904:2537:904:904:904:2537:904:904:904:904:904:904:904:904:904:2537:904:2537:904:904:904:2537:904:904:904:2537:904:2537:904:904:904:904:904:65535:0:65535:0:18031:6881:3341:873:873:873:2537:873:873:873:873:873:873:873:873:873:873:873:873:873:873:873:873:873:873:873:873:873:873:873:2537:873:873:873:873:873:873:873:873:873:873:873:873:873:2537:873:2537:873:873:873:2537:873:873:873:873:873:873:873:873:873:873:873:873:873:873:873:873:873:2537:873:873:873:2537:873:873:873:873:873:873:873:873:873:2537:873:2537:873:873:873:2537:873:873:873:2537:873:2537:873:873:873:873:873
Diga_right,raw,38,IRKitC8E5,6881:3341:873:873:873:2537:873:873:873:873:873:873:873:873:873:873:873:873:873:873:873:873:873:873:873:873:873:873:873:2537:873:873:873:873:873:873:873:873:873:873:873:873:873:2537:873:2537:873:873:873:2537:873:873:873:873:873:873:873:873:873:873:873:873:873:873:873:873:873:873:873:873:873:873:873:2537:873:873:873:873:873:873:873:2537:873:873:873:873:873:873:873:2537:873:2537:873:2537:873:873:873:873:873:65535:0:65535:0:18031:6881:3341:873:873:873:2537:873:873:873:873:873:873:873:873:873:873:873:873:873:873:873:873:873:873:873:873:873:873:873:2537:873:873:873:873:873:873:873:873:873:873:873:873:873:2537:873:2537:873:873:873:2537:873:873:873:873:873:873:873:873:873:873:873:873:873:873:873:873:873:873:873:873:873:873:873:2537:873:873:873:873:873:873:873:2537:873:873:873:873:873:873:873:2537:873:2537:873:2537:873:873:873:873:873
Diga_down,raw,38,IRKitC8E5,6881:3341:873:873:873:2537:873:873:873:873:873:873:873:873:873:873:873:873:873:873:873:873:873:873:873:873:873:873:873:2537:873:873:873:873:873:873:873:873:873:873:873:873:873:2537:873:2537:873:873:873:2537:873:873:873:873:873:873:873:873:873:873:873:873:873:873:873:873:873:873:873:2537:873:2537:873:873:873:873:873:873:873:873:873:2537:873:873:873:2537:873:2537:873:873:873:2537:873:2537:873:873:873:873:873:65535:0:65535:0:18031:6881:3341:873:873:873:2537:873:873:873:873:873:873:873:873:873:873:873:873:873:873:873:873:873:873:873:873:873:873:873:2537:873:873:873:873:873:873:873:873:873:873:873:873:873:2537:873:2537:873:873:873:2537:873:873:873:873:873:873:873:873:873:873:873:873:873:873:873:873:873:873:873:2537:873:2537:873:873:873:873:873:873:873:873:873:2537:873:873:873:2537:873:2537:873:873:873:2537:873:2537:873:873:873:873:873
Diga_left,raw,38,IRKitC8E5,6881:3341:873:873:873:2537:873:873:873:873:873:873:873:873:873:873:873:873:873:873:873:873:873:873:873:873:873:873:873:2537:873:873:873:873:873:873:873:873:873:873:873:873:873:2537:873:2537:873:873:873:2537:873:873:873:873:873:873:873:873:873:873:873:873:873:873:873:873:873:2537:873:2537:873:2537:873:873:873:873:873:873:873:873:873:2537:873:2537:873:2537:873:2537:873:873:873:2537:873:2537:873:873:873:873:873:65535:0:65535:0:18031:6881:3341:904:904:904:2537:873:873:873:873:873:873:873:873:873:873:873:873:873:873:873:873:873:873:873:873:873:873:873:2537:873:873:873:873:873:873:873:873:873:873:873:873:873:2537:873:2537:873:873:873:2537:873:873:873:873:873:873:873:873:873:873:873:873:873:873:873:873:873:2537:873:2537:873:2537:873:873:873:873:873:873:873:873:873:2537:873:2537:873:2537:873:2537:873:873:873:2537:873:2537:873:873:873:873:873
Diga_modoru,raw,38,IRKitC8E5,6881:3341:873:873:873:2537:873:873:873:873:873:873:873:873:873:873:873:873:873:873:873:873:873:873:873:873:873:873:873:2537:873:873:873:873:873:873:873:873:873:873:873:873:873:2537:873:2537:873:873:873:2537:873:873:873:873:873:873:873:873:873:873:873:873:873:873:873:873:873:2537:873:873:873:873:873:873:873:873:873:873:873:873:873:2537:873:2537:873:873:873:873:873:873:873:2537:873:2537:873:873:873:873:873:65535:0:65535:0:18031:6881:3341:873:873:873:2537:873:873:873:873:873:873:873:873:873:873:873:873:873:873:873:873:873:873:873:873:873:873:873:2537:873:873:873:873:873:873:873:873:873:873:873:873:873:2537:873:2537:873:873:873:2537:873:873:873:873:873:873:873:873:873:873:873:873:873:873:873:873:873:2537:873:873:873:873:873:873:873:873:873:873:873:873:873:2537:873:2537:873:873:873:873:873:873:873:2537:873:2537:873:873:873:873:873
Diga_subMenu,raw,38,IRKitC8E5,6881:3341:873:873:873:2537:873:873:873:873:873:873:873:873:873:873:873:873:873:873:873:873:873:873:873:873:873:873:873:2537:873:873:873:873:873:873:873:873:873:873:873:873:873:2537:873:2537:873:873:873:2537:873:873:873:873:873:873:873:873:873:873:873:873:873:873:873:873:873:873:873:873:873:873:873:873:873:873:873:873:873:873:873:2537:873:873:873:873:873:873:873:873:873:2537:873:2537:873:873:873:873:873:65535:0:65535:0:18031:6881:3341:873:873:873:2537:873:873:873:873:873:873:873:873:873:873:873:873:873:873:873:873:873:873:873:873:873:873:873:2537:873:873:873:873:873:873:873:873:873:873:873:873:873:2537:873:2537:873:873:873:2537:873:873:873:873:873:873:873:873:873:873:873:873:873:873:873:873:873:873:873:873:873:873:873:873:873:873:873:873:873:873:873:2537:873:873:873:873:873:873:873:873:873:2537:873:2537:873:873:873:873:873
Diga_blue,raw,38,IRKitC8E5,6881:3458:873:873:873:2537:873:873:873:873:873:873:873:873:873:873:873:873:873:873:873:873:873:873:873:873:873:873:873:2537:873:873:873:873:873:873:873:873:873:873:873:873:873:2537:873:2537:873:873:873:2537:873:2537:873:873:873:873:873:873:873:873:873:873:873:873:873:873:873:873:873:873:873:873:873:873:873:873:873:873:873:2537:873:873:873:2537:873:873:873:873:873:873:873:2537:873:2537:873:2537:873:2537:873:65535:0:65535:0:18031:6881:3341:873:873:873:2537:904:904:904:904:904:904:904:904:904:904:904:904:904:904:904:904:904:904:904:904:904:904:904:2537:904:904:904:904:904:904:904:904:904:904:904:904:904:2537:904:2537:904:904:904:2537:904:2537:904:904:904:904:904:904:904:904:904:904:904:904:904:904:904:904:904:904:904:904:904:904:904:904:904:904:904:2537:904:904:904:2537:904:904:904:904:904:904:904:2537:904:2537:904:2537:904:2537:904
Diga_red,raw,38,IRKitC8E5,6881:3341:904:904:904:2537:904:904:904:904:904:904:904:904:904:904:904:904:904:904:904:904:904:904:904:904:904:904:904:2537:904:904:904:904:904:904:904:904:904:904:904:904:904:2537:904:2537:904:904:904:2537:904:2537:904:904:904:904:904:904:904:904:904:904:904:904:904:904:904:2537:904:904:904:904:904:904:904:904:904:904:904:2537:904:904:904:904:904:904:904:904:904:904:904:2537:904:2537:904:2537:904:2537:904:65535:0:65535:0:18031:6881:3458:904:904:904:2537:873:873:873:873:873:873:873:873:873:873:873:873:873:873:873:873:873:873:873:873:873:873:873:2537:873:873:873:873:873:873:873:873:873:873:873:873:873:2537:873:2537:873:873:873:2537:873:2537:873:873:873:873:873:873:873:873:873:873:873:873:873:873:873:2537:873:873:873:873:873:873:873:873:873:873:873:2537:873:873:873:873:873:873:873:873:873:873:873:2537:873:2537:873:2537:873:2537:873
Diga_green,raw,38,IRKitC8E5,6881:3341:873:873:873:2537:873:873:873:873:873:873:873:873:873:873:873:873:873:873:873:873:873:873:873:873:873:873:873:2537:873:873:873:873:873:873:873:873:873:873:873:873:873:2537:873:2537:873:873:873:2537:873:2537:873:873:873:873:873:873:873:873:873:873:873:873:873:873:873:873:873:2537:873:873:873:873:873:873:873:873:873:2537:873:873:873:2537:873:2537:873:873:873:873:873:2537:873:2537:873:2537:873:2537:873:65535:0:65535:0:18031:6881:3341:873:873:873:2537:873:873:873:873:873:873:873:873:873:873:873:873:873:873:873:873:873:873:873:873:873:873:873:2537:873:873:873:873:873:873:873:873:873:873:873:873:873:2537:873:2537:873:873:873:2537:873:2537:873:873:873:873:873:873:873:873:873:873:873:873:873:873:873:873:873:2537:873:873:873:873:873:873:873:873:873:2537:873:873:873:2537:873:2537:873:873:873:873:873:2537:873:2537:873:2537:873:2537:873
Diga_yellow,raw,38,IRKitC8E5,6881:3341:904:904:904:2537:904:904:904:904:904:904:904:904:904:904:904:904:904:904:904:904:904:904:904:904:904:904:904:2537:904:904:904:904:904:904:904:904:904:904:904:904:904:2537:904:2537:904:904:904:2537:904:2537:904:904:904:904:904:904:904:904:904:904:904:904:904:904:904:2537:904:2537:904:904:904:904:904:904:904:904:904:2537:904:904:904:904:904:2537:904:904:904:904:904:2537:904:2537:904:2537:904:2537:904
Diga_yoyaku,raw,38,IRKitC8E5,6881:3341:873:873:873:2537:873:873:873:873:873:873:873:873:873:873:873:873:873:873:873:873:873:873:873:873:873:873:873:2537:873:873:873:873:873:873:873:873:873:873:873:873:873:2537:873:2537:873:873:873:2537:873:873:873:873:873:873:873:873:873:873:873:873:873:873:873:873:873:2537:873:873:873:873:873:2537:873:2537:873:2537:873:2537:873:873:873:2537:873:873:873:873:873:2537:873:873:873:873:873:2537:873:2537:873:65535:0:65535:0:18031:6881:3341:873:873:873:2537:904:904:904:904:904:904:904:904:904:904:904:904:904:904:904:904:904:904:904:904:904:904:904:2537:904:904:904:904:904:904:904:904:904:904:904:904:904:2537:904:2537:904:904:904:2537:904:904:904:904:904:904:904:904:904:904:904:904:904:904:904:904:904:2537:904:904:904:904:904:2537:904:2537:904:2537:904:2537:904:904:904:2537:904:904:904:904:904:2537:904:904:904:904:904:2537:904:2537:904
Diga_power,raw,38,IRKitC8E5,6881:3341:873:873:873:2537:873:873:873:873:873:873:873:873:873:873:873:873:873:873:873:873:873:873:873:873:873:873:873:2537:873:873:873:873:873:873:873:873:873:873:873:873:873:2537:873:2537:873:873:873:2537:873:873:873:873:873:873:873:873:873:873:873:873:873:873:873:873:873:2537:873:873:873:2537:873:2537:873:2537:873:2537:873:873:873:873:873:2537:873:873:873:2537:873:2537:873:873:873:873:873:873:873:2537:873:65535:0:65535:0:18031:6881:3341:873:873:873:2537:873:873:873:873:873:873:873:873:873:873:873:873:873:873:873:873:873:873:873:873:873:873:873:2537:873:873:873:873:873:873:873:873:873:873:873:873:873:2537:873:2537:873:873:873:2537:873:873:873:873:873:873:873:873:873:873:873:873:873:873:873:873:873:2537:873:873:873:2537:873:2537:873:2537:873:2537:873:873:873:873:873:2537:873:873:873:2537:873:2537:873:873:873:873:873:873:873:2537:873
Diga_tray,raw,38,IRKitC8E5,6881:3341:873:873:873:2537:873:873:873:873:873:873:873:873:873:873:873:873:873:873:873:873:873:873:873:873:873:873:873:2537:873:873:873:873:873:873:873:873:873:873:873:873:873:2537:873:2537:873:873:873:2537:873:873:873:873:873:873:873:873:873:873:873:873:873:873:873:873:873:2537:873:873:873:873:873:873:873:873:873:873:873:873:873:873:873:2537:873:873:873:873:873:873:873:2537:873:2537:873:873:873:2537:873:65535:0:65535:0:18031:6881:3458:873:873:873:2537:904:904:904:904:904:904:904:904:904:904:904:904:904:904:904:904:904:904:904:904:904:904:904:2537:904:904:904:904:904:904:904:904:904:904:904:904:904:2537:904:2537:904:904:904:2537:904:904:904:904:904:904:904:904:904:904:904:904:904:904:904:904:904:2537:904:904:904:904:904:904:904:904:904:904:904:904:904:904:904:2537:904:904:904:904:904:904:904:2537:904:2537:904:904:904:2537:904
Emi_light,raw,38,IRKitC8E5,17421:8755:1232:1002:1232:3119:1232:1002:1232:1002:1232:1002:1232:1002:1232:1002:1232:3228:1232:3228:1232:1002:1232:3119:1232:3119:1232:1002:1232:3119:1232:3119:1232:1002:1232:1002:1232:3119:1232:1002:1232:3228:1232:3228:1232:1002:1232:1002:1232:3228:1232:3228:1232:1002:1232:3119:1232:1002:1232:1002:1232:3119:1232:3119:1232:1002:1190:65535:0:15713:17421:4400:1190
Sleep_light,raw,38,IRKitC8E5,17421:8755:1232:968:1232:3119:1232:1002:1232:1002:1232:1002:1232:1002:1232:1002:1232:3228:1232:3228:1232:968:1232:3119:1232:3119:1232:1002:1232:3119:1232:3119:1232:1002:1232:1002:1232:3119:1232:1002:1232:3228:1232:3228:1232:1002:1232:1002:1232:1002:1232:3119:1232:1002:1232:3119:1232:1002:1232:1002:1232:3119:1232:3119:1232:3119:1232:65535:0:15713:17421:4400:1190
AQ_power,raw,38,IRKitC8E5,6648:3228:873:787:873:2451:843:843:843:2451:843:843:843:2451:843:843:843:2451:843:843:843:2451:843:843:843:2451:843:2451:843:843:843:2451:843:843:843:2451:843:2451:843:2451:843:2451:843:843:843:843:843:843:843:2451:843:843:843:2451:843:843:843:843:843:2451:843:843:843:843:843:843:843:843:843:2451:843:2451:843:843:843:2451:843:843:843:843:843:843:843:2451:843:843:843:843:843:843:843:2451:843:843:843:2451:843:2451:843:65535:0:65535:0:10047:6648:3228:873:787:787:2451:873:787:873:2451:843:843:843:2451:843:843:843:2451:843:843:843:2451:843:843:843:2451:843:2451:843:843:843:2451:843:843:843:2451:843:2451:843:2451:843:2451:843:843:843:843:843:843:843:2451:843:843:843:2451:843:843:843:843:843:2451:843:843:843:843:843:843:843:843:843:2451:843:2451:843:843:843:2451:843:843:843:843:843:843:843:2451:843:843:843:843:843:843:843:2451:843:843:843:2451:843:2451:843
AQ_1,raw,38,IRKitC8E5,6648:3228:873:787:873:2451:873:787:787:2451:873:787:873:2451:873:787:873:2451:873:787:873:2451:873:787:873:2451:873:2451:873:787:873:2451:873:787:873:2451:873:2451:873:2451:873:2451:873:787:787:787:873:787:873:2451:873:787:873:2451:873:787:787:787:787:2451:873:787:873:787:873:787:873:787:873:2451:873:2451:873:2451:873:787:787:787:873:2451:873:787:873:787:873:2451:873:787:873:787:873:2451:873:2451:873:787:787:787:787
AQ_2,raw,38,IRKitC8E5,6648:3228:873:787:873:2451:873:787:873:2451:873:787:873:2451:873:787:873:2451:873:787:873:2451:873:787:873:2451:873:2451:873:787:787:2451:873:787:873:2451:873:2451:873:2451:873:2451:873:787:873:787:787:787:787:2451:873:787:873:2451:873:787:873:787:787:2451:873:787:873:787:873:787:873:2451:873:2451:873:2451:873:2451:873:787:787:787:873:2451:873:787:787:787:873:2451:873:787:787:787:873:787:873:2451:873:787:873:787:787
AQ_3,raw,38,IRKitC8E5,6648:3228:873:787:873:2451:873:787:873:2451:873:787:873:2451:873:787:873:2451:873:787:873:2451:873:787:873:2451:873:2451:873:787:787:2451:873:787:873:2451:873:2451:873:2451:873:2451:873:787:873:787:873:787:787:2451:873:787:873:2451:873:787:787:787:873:2451:873:787:787:787:873:787:873:787:873:787:787:787:787:787:873:2451:873:787:873:2451:873:787:787:787:787:2451:873:787:873:787:873:787:873:787:873:2451:873:2451:873
AQ_4,raw,38,IRKitC8E5,6648:3228:873:787:873:2451:873:787:873:2451:873:787:787:2451:873:787:873:2451:873:787:873:2451:873:787:873:2451:873:2451:873:787:873:2451:873:787:873:2451:873:2451:873:2451:873:2451:873:787:873:787:873:787:873:2451:873:787:873:2451:873:787:873:787:873:2451:873:787:873:787:873:787:873:2451:873:787:873:787:873:787:873:2451:873:787:873:2451:873:787:873:787:873:2451:873:787:787:787:873:2451:873:787:787:2451:873:2451:873
AQ_5,raw,38,IRKitC8E5,6648:3228:873:787:873:2451:873:787:873:2451:873:787:873:2451:873:787:873:2451:873:787:873:2451:873:787:873:2451:873:2451:873:787:787:2451:873:787:873:2451:873:2451:873:2451:873:2451:873:787:873:787:873:787:873:2451:873:787:787:2451:873:787:873:787:873:2451:873:787:787:787:787:787:787:787:787:2451:873:787:873:787:873:2451:873:787:787:2451:787:787:787:787:873:2451:873:787:787:787:787:787:873:2451:843:2451:843:2451:843
AQ_6,raw,38,IRKitC8E5,6648:3228:843:843:843:2451:843:843:843:2451:843:843:843:2451:843:843:843:2451:843:843:843:2451:843:843:843:2451:843:2451:843:843:843:2451:843:843:843:2451:843:2451:843:2451:843:2451:843:843:843:843:843:843:843:2451:843:843:843:2451:843:843:843:843:843:2451:843:843:843:843:843:843:843:2451:843:2451:843:843:843:843:843:2451:843:843:843:2451:843:843:843:843:843:2451:843:843:843:843:843:2451:843:2451:843:2451:843:2451:843:65535:0:65535:0:6648:6648:3228:843:843:843:2451:843:843:843:2451:843:843:843:2451:843:843:843:2451:843:843:843:2451:843:843:843:2451:843:2451:843:843:843:2451:843:843:843:2451:843:2451:843:2451:843:2451:843:843:843:843:843:843:843:2451:843:843:843:2451:843:843:843:843:843:2451:843:843:843:843:843:843:843:2451:843:2451:843:843:843:843:843:2451:843:843:843:2451:843:843:843:843:843:2451:843:843:843:843:843:2451:843:2451:843:2451:843:2451:843
AQ_7,raw,38,IRKitC8E5,6648:3228:843:843:843:2451:843:843:843:2451:843:843:843:2451:843:843:843:2451:843:843:843:2451:843:843:843:2451:843:2451:843:843:843:2451:843:843:843:2451:843:2451:843:2451:843:2451:843:843:843:843:843:843:843:2451:843:843:843:2451:843:843:843:843:843:2451:843:843:843:843:843:843:843:843:843:843:843:2451:843:843:843:2451:843:843:843:2451:843:843:843:843:843:2451:843:843:843:843:843:843:843:843:843:843:843:2451:843:65535:0:65535:0:13230:6648:3228:843:843:843:2451:843:843:843:2451:843:843:843:2451:843:843:843:2451:843:843:843:2451:843:843:843:2451:843:2451:843:843:843:2451:843:843:843:2451:843:2451:843:2451:843:2451:843:843:843:843:843:843:843:2451:843:843:843:2451:843:843:843:843:843:2451:843:843:843:843:843:843:843:843:843:843:843:2451:843:843:843:2451:843:843:843:2451:843:843:843:843:843:2451:843:843:843:843:843:843:843:843:843:843:843:2451:843
AQ_8,raw,38,IRKitC8E5,6648:3228:873:787:873:2451:873:787:873:2451:873:787:873:2451:873:787:873:2451:873:787:873:2451:873:787:873:2451:873:2451:873:787:873:2451:873:787:873:2451:873:2451:873:2451:873:2451:873:787:873:787:873:787:873:2451:873:787:873:2451:873:787:873:787:787:2451:873:787:873:787:873:787:873:2451:873:787:873:2451:873:787:873:2451:873:787:787:2451:873:787:873:787:873:2451:873:787:787:787:873:2451:873:787:873:787:873:2451:873
AQ_9,raw,38,IRKitC8E5,6648:3228:873:787:873:2451:873:787:873:2451:873:787:873:2451:873:787:873:2451:873:787:873:2451:873:787:873:2451:873:2451:873:787:873:2451:873:787:873:2451:873:2451:873:2451:873:2451:873:787:873:787:873:787:873:2451:873:787:873:2451:873:787:873:787:787:2451:873:787:873:787:873:787:873:787:873:2451:873:2451:873:787:873:2451:873:787:873:2451:873:787:873:787:873:2451:873:787:873:787:787:787:873:2451:873:787:873:2451:873
AQ_10,raw,38,IRKitC8E5,6648:3228:873:787:873:2451:873:787:873:2451:873:787:873:2451:873:787:873:2451:873:787:873:2451:873:787:873:2451:873:2451:873:787:873:2451:873:787:873:2451:873:2451:873:2451:873:2451:873:787:873:787:873:787:873:2451:873:787:873:2451:873:787:873:787:787:2451:873:787:873:787:873:787:873:2451:873:2451:873:2451:873:787:873:2451:873:787:873:2451:873:787:873:787:873:2451:873:787:873:787:787:2451:873:2451:873:787:787:2451:873:65535:0:65535:0:6648:6648:3228:873:787:873:2451:873:787:873:2451:873:787:873:2451:873:787:873:2451:843:843:843:2451:843:843:843:2451:843:2451:843:843:843:2451:843:843:843:2451:843:2451:843:2451:843:2451:843:843:843:843:843:843:843:2451:843:843:843:2451:843:843:843:843:843:2451:843:843:843:843:843:843:843:2451:843:2451:843:2451:843:843:843:2451:843:843:843:2451:843:843:843:843:843:2451:843:843:843:843:843:2451:843:2451:843:843:843:2451:843
AQ_11,raw,38,IRKitC8E5,6648:3228:873:787:873:2451:873:787:787:2451:873:787:873:2451:873:787:873:2451:873:787:873:2451:873:787:787:2451:873:2451:873:787:787:2451:873:787:873:2451:873:2451:873:2451:873:2451:873:787:873:787:873:787:873:2451:873:787:873:2451:873:787:873:787:873:2451:873:787:873:787:873:787:873:787:873:787:873:787:873:2451:873:2451:873:787:787:2451:873:787:873:787:873:2451:873:787:787:787:787:787:873:787:787:2451:873:787:873
AQ_12,raw,38,IRKitC8E5,6648:3228:873:787:873:2451:873:787:873:2451:873:787:873:2451:873:787:873:2451:873:787:873:2451:873:787:787:2451:873:2451:873:787:873:2451:873:787:873:2451:873:2451:873:2451:873:2451:873:787:873:787:873:787:873:2451:873:787:873:2451:873:787:873:787:873:2451:873:787:873:787:873:787:873:2451:873:787:873:787:873:2451:873:2451:873:787:873:2451:873:787:873:787:873:2451:873:787:873:787:873:2451:873:787:873:2451:873:787:873
AQ_d,raw,38,IRKitC8E5,6648:3228:873:787:873:2451:873:787:873:2451:873:787:873:2451:873:787:873:2451:873:787:873:2451:873:787:873:2451:873:2451:873:787:873:2451:873:787:873:2451:873:2451:873:2451:873:2451:873:787:873:787:873:787:873:2451:873:787:873:2451:873:787:873:787:873:2451:873:787:873:787:873:787:873:787:873:2451:873:2451:873:2451:873:2451:873:787:873:2451:873:787:873:787:873:2451:873:787:873:787:873:787:787:2451:873:787:873:787:873:65535:0:65535:0:9707:6648:3228:873:787:873:2451:873:787:787:2451:873:787:873:2451:873:787:873:2451:873:787:873:2451:873:787:873:2451:873:2451:873:787:873:2451:873:787:787:2451:873:2451:873:2451:873:2451:873:787:873:787:873:787:873:2451:873:787:787:2451:873:787:873:787:873:2451:843:843:843:843:843:843:843:843:843:2451:843:2451:843:2451:843:2451:843:843:843:2451:843:843:843:843:843:2451:843:843:843:843:843:843:843:2451:843:843:843:843:843
AQ_mute,raw,38,IRKitC8E5,6648:3228:873:787:873:2451:873:787:873:2451:873:787:873:2451:873:787:873:2451:873:787:873:2451:873:787:873:2451:873:2451:873:787:873:2451:873:787:873:2451:873:2451:873:2451:873:2451:873:787:873:787:873:787:873:2451:873:787:787:2451:873:787:873:787:873:2451:873:787:873:787:787:787:787:2451:873:2451:873:2451:873:787:873:2451:873:787:873:787:787:787:873:2451:873:787:873:787:873:787:873:787:873:787:787:2451:873:2451:873:65535:0:65535:0:9707:6648:3228:873:787:787:2451:873:787:873:2451:873:787:787:2451:873:787:873:2451:873:787:873:2451:873:787:873:2451:873:2451:873:787:873:2451:873:787:787:2451:787:2451:873:2451:873:2451:873:787:787:787:873:787:787:2451:873:787:787:2451:787:787:787:787:873:2451:873:787:873:787:787:787:787:2451:843:2451:843:2451:843:843:843:2451:843:843:843:843:843:843:843:2451:843:843:843:843:843:843:843:843:843:843:843:2451:843:2451:843
AQ_nyuroku,raw,38,IRKitC8E5,6648:3228:873:787:873:2451:873:787:787:2451:873:787:873:2451:873:787:787:2451:873:787:873:2451:873:787:787:2451:873:2451:873:787:873:2451:873:787:873:2451:873:2451:873:2451:873:2451:873:787:787:787:873:787:873:2451:873:787:787:2451:873:787:873:787:873:2451:873:787:873:787:873:787:787:2451:873:2451:873:787:873:787:873:2451:843:843:843:843:843:843:843:2451:843:843:843:843:843:843:843:843:843:843:843:843:843:2451:843:65535:0:65535:0:13230:6648:3228:873:787:873:2451:873:787:873:2451:873:787:873:2451:873:787:873:2451:873:787:873:2451:873:787:787:2451:873:2451:873:787:873:2451:873:787:873:2451:873:2451:873:2451:873:2451:873:787:873:787:873:787:873:2451:873:787:873:2451:873:787:873:787:873:2451:873:787:787:787:787:787:787:2451:787:2451:873:787:873:787:873:2451:873:787:873:787:873:787:873:2451:873:787:787:787:873:787:873:787:873:787:787:787:873:2451:873
AQ_VolUp,raw,38,IRKitC8E5,6648:3228:873:787:873:2451:873:787:873:2451:873:787:873:2451:873:787:873:2451:873:787:873:2451:873:787:873:2451:873:2451:873:787:873:2451:873:787:873:2451:873:2451:873:2451:873:2451:873:787:873:787:873:787:873:2451:873:787:787:2451:873:787:873:787:873:2451:873:787:873:787:873:787:873:787:787:787:787:2451:873:787:873:2451:873:787:873:787:873:787:787:2451:873:787:873:787:873:787:787:2451:873:2451:873:2451:873:2451:873
AQ_VolDown,raw,38,IRKitC8E5,6648:3228:873:787:873:2451:873:787:873:2451:873:787:873:2451:873:787:873:2451:873:787:873:2451:873:787:873:2451:873:2451:873:787:873:2451:873:787:873:2451:873:2451:873:2451:873:2451:873:787:873:787:873:787:873:2451:873:787:873:2451:873:787:873:787:873:2451:873:787:787:787:873:787:873:2451:873:787:873:2451:873:787:873:2451:873:787:873:787:787:787:873:2451:873:787:787:787:873:787:873:787:873:2451:873:2451:873:2451:873
AQ_ChUp,raw,38,IRKitC8E5,6648:3228:873:787:873:2451:873:787:787:2451:873:787:873:2451:873:787:873:2451:873:787:873:2451:873:787:873:2451:873:2451:873:787:873:2451:843:843:843:2451:843:2451:843:2451:843:2451:843:843:843:843:843:843:843:2451:843:843:843:2451:843:843:843:843:843:2451:843:843:843:843:843:843:843:2451:843:843:843:843:843:843:843:2451:843:843:843:843:843:843:843:2451:843:843:843:843:843:843:843:843:843:2451:843:843:843:2451:843
AQ_ChDown,raw,38,IRKitC8E5,6648:3228:873:787:873:2451:873:787:873:2451:873:787:873:2451:873:787:873:2451:873:787:873:2451:873:787:873:2451:873:2451:873:787:873:2451:873:787:873:2451:873:2451:873:2451:873:2451:873:787:873:787:873:787:873:2451:873:787:873:2451:873:787:787:787:873:2451:873:787:873:787:787:787:873:787:787:2451:873:787:873:787:787:2451:873:787:873:787:873:787:873:2451:873:787:873:787:873:787:787:2451:873:787:873:787:873:2451:843
AQ_TVList,raw,38,IRKitC8E5,6648:3228:843:843:843:2451:843:843:843:2451:843:843:843:2451:843:843:843:2451:843:843:843:2451:843:843:843:2451:843:2451:843:843:843:2451:843:843:843:2451:843:2451:843:2451:843:2451:843:843:843:843:843:843:843:2451:843:843:843:2451:843:843:843:843:843:2451:843:843:843:843:843:843:843:843:843:843:843:843:843:843:843:843:843:2451:843:2451:843:843:843:843:843:2451:843:843:843:843:843:2451:843:2451:843:2451:843:2451:843
AQ_home,raw,38,IRKitC8E5,6648:3228:843:843:843:2451:843:843:843:2451:843:843:843:2451:843:843:843:2451:843:843:843:2451:843:843:843:2451:843:2451:843:843:843:2451:843:843:843:2451:843:2451:843:2451:843:2451:843:843:843:843:843:843:843:2451:843:843:843:2451:843:843:843:843:843:2451:843:843:843:843:843:843:843:2451:843:2451:843:843:843:2451:843:2451:843:2451:843:843:843:2451:843:843:843:2451:843:843:843:843:843:2451:843:843:843:843:843:2451:843
AQ_Info,raw,38,IRKitC8E5,6648:3228:843:843:843:2451:843:843:843:2451:843:843:843:2451:843:843:843:2451:843:843:843:2451:843:843:843:2451:843:2451:843:843:843:2451:843:843:843:2451:843:2451:843:2451:843:2451:843:843:843:843:843:843:843:2451:843:843:843:2451:843:843:843:843:843:2451:843:843:843:843:843:843:843:2451:843:2451:843:2451:843:2451:843:2451:843:843:843:2451:843:843:843:843:843:2451:843:843:843:843:843:2451:843:2451:843:843:843:843:843:65535:0:65535:0:6648:6648:3228:843:843:843:2537:843:843:843:2537:843:843:843:2537:843:843:843:2537:843:843:843:2537:843:843:843:2537:843:2537:843:843:843:2537:843:843:843:2537:843:2537:843:2537:843:2537:843:843:843:843:843:843:843:2537:843:843:843:2537:843:843:843:843:843:2537:843:843:843:843:843:843:843:2537:843:2537:843:2537:843:2537:843:2537:843:843:843:2537:843:843:843:843:843:2537:843:843:843:843:843:2537:843:2537:843:843:843:843:843
AQ_tool,raw,38,IRKitC8E5,6648:3228:843:843:843:2451:843:843:843:2451:843:843:843:2451:843:843:843:2451:843:843:843:2451:843:843:843:2451:843:2451:843:843:843:2451:843:843:843:2451:843:2451:843:2451:843:2451:843:843:843:843:843:843:843:2451:843:843:843:2451:843:843:843:843:843:2451:843:843:843:843:843:843:843:843:843:843:843:2451:843:2451:843:2451:843:2451:843:843:843:2451:843:843:843:2451:843:843:843:843:843:843:843:2451:843:2451:843:2451:843
AQ_end,raw,38,IRKitC8E5,6648:3228:843:843:843:2451:843:843:843:2451:843:843:843:2451:843:843:843:2451:843:843:843:2451:843:843:843:2451:843:2451:843:843:843:2451:843:843:843:2451:843:2451:843:2451:843:2451:843:843:843:843:843:843:843:2451:843:843:843:2451:843:843:843:843:843:2451:843:843:843:843:843:843:843:2451:843:843:843:2451:843:843:843:2451:843:2451:843:2451:843:2451:843:2451:843:843:843:843:843:843:843:843:843:843:843:843:843:843:843:65535:0:65535:0:9707:6648:3341:787:787:787:2537:787:787:787:2537:787:787:787:2537:787:787:787:2537:787:787:787:2537:787:787:787:2537:787:2537:787:787:787:2537:787:787:787:2537:787:2537:787:2537:787:2537:787:787:787:787:787:787:787:2537:787:787:787:2537:787:787:787:787:787:2537:787:787:787:787:787:787:787:2537:787:787:787:2537:787:787:787:2537:787:2537:787:2537:787:2537:787:2537:787:787:787:787:787:787:787:787:787:787:787:787:787:787:787
AQ_back,raw,38,IRKitC8E5,6648:3228:843:843:843:2451:843:843:843:2451:843:843:843:2451:843:843:843:2451:843:843:843:2451:843:843:843:2451:843:2451:843:843:843:2451:843:843:843:2451:843:2451:843:2451:843:2451:843:843:843:843:843:843:843:2451:843:843:843:2451:843:843:843:843:843:2451:843:843:843:843:843:843:843:843:843:843:843:2451:843:843:843:843:843:2451:843:2451:843:2451:843:2451:843:843:843:843:843:843:843:843:843:843:843:843:843:843:843:65535:0:65535:0:13230:6648:3341:787:787:787:2537:787:787:787:2537:787:787:787:2537:787:787:787:2537:787:787:787:2537:787:787:787:2537:787:2537:787:787:787:2537:787:787:787:2537:787:2537:787:2537:787:2537:787:787:787:787:787:787:787:2537:787:787:787:2537:787:787:787:787:787:2537:787:787:787:787:787:787:787:787:787:787:787:2537:787:787:787:787:787:2537:787:2537:787:2537:787:2537:787:787:787:787:787:787:787:787:787:787:787:787:787:787:787
AQ_done,raw,38,IRKitC8E5,6648:3228:843:843:843:2451:843:843:843:2451:843:843:843:2451:843:843:843:2451:843:843:843:2451:843:843:843:2451:843:2451:843:843:843:2451:843:843:843:2451:843:2451:843:2451:843:2451:843:843:843:843:843:843:843:2451:843:843:843:2451:843:843:843:843:843:2451:843:843:843:843:843:843:843:843:843:2451:843:843:843:843:843:2451:843:843:843:2451:843:843:843:2451:843:843:843:843:843:843:843:2451:843:843:843:2451:843:2451:843:65535:0:65535:0:9707:6648:3228:843:843:843:2451:843:843:843:2451:843:843:843:2451:843:843:843:2451:843:843:843:2451:843:843:843:2451:843:2451:843:843:843:2451:843:843:843:2451:843:2451:843:2451:843:2451:843:843:843:843:843:843:843:2451:843:843:843:2451:843:843:843:843:843:2451:843:843:843:843:843:843:843:843:843:2451:843:843:843:843:843:2451:843:843:843:2451:843:843:843:2451:843:843:843:843:843:843:843:2451:843:843:843:2451:843:2451:843
AQ_up,raw,38,IRKitC8E5,6648:3228:843:843:843:2451:843:843:843:2451:843:843:843:2451:843:843:843:2451:843:843:843:2451:843:843:843:2451:843:2451:843:843:843:2451:843:843:843:2451:843:2451:843:2451:843:2451:843:843:843:843:843:843:843:2451:843:843:843:2451:843:843:843:843:843:2451:843:843:843:843:843:843:843:2451:843:2451:843:2451:843:843:843:2451:843:843:843:2451:843:843:843:2451:843:843:843:843:843:843:843:843:843:843:843:843:843:2451:843:65535:0:65535:0:10047:6648:3341:843:843:843:2537:843:843:843:2537:843:843:843:2537:843:843:843:2537:843:843:843:2537:843:843:843:2537:843:2537:843:843:843:2537:843:843:843:2537:843:2537:843:2537:843:2537:843:843:843:843:843:843:843:2537:843:843:843:2537:843:843:843:843:843:2537:843:843:843:843:843:843:843:2537:843:2537:843:2537:843:843:843:2537:843:843:843:2537:843:843:843:2537:843:843:843:843:843:843:843:843:843:843:843:843:843:2537:843
AQ_right,raw,38,IRKitC8E5,6648:3341:843:843:843:2451:843:843:843:2451:843:843:843:2451:843:843:843:2451:843:843:843:2451:843:843:843:2451:843:2451:843:843:843:2451:843:843:843:2451:843:2451:843:2451:843:2451:843:843:843:843:843:843:843:2451:843:843:843:2451:843:843:843:843:843:2451:843:843:843:843:843:843:843:843:843:843:843:843:843:2451:843:2451:843:843:843:2451:843:2451:843:2451:843:843:843:843:843:843:843:2451:843:2451:843:2451:843:2451:843:65535:0:65535:0:6648:6648:3228:843:843:843:2451:843:843:843:2451:843:843:843:2451:843:843:843:2451:843:843:843:2451:843:843:843:2451:843:2451:843:843:843:2451:843:843:843:2451:843:2451:843:2451:843:2451:843:843:843:843:843:843:843:2451:843:843:843:2451:843:843:843:843:843:2451:843:843:843:843:843:843:843:843:843:843:843:843:843:2451:843:2451:843:843:843:2451:843:2451:843:2451:843:843:843:843:843:843:843:2451:843:2451:843:2451:843:2451:843
AQ_down,raw,38,IRKitC8E5,6648:3228:843:843:843:2451:843:843:843:2451:843:843:843:2451:843:843:843:2451:843:843:843:2451:843:843:843:2451:843:2451:843:843:843:2451:843:843:843:2451:843:2451:843:2451:843:2451:843:843:843:843:843:843:843:2451:843:843:843:2451:843:843:843:843:843:2451:843:843:843:843:843:843:843:843:843:843:843:843:843:843:843:843:843:2451:843:843:843:843:843:2451:843:843:843:843:843:843:843:843:843:843:843:843:843:2451:843:65535:0:65535:0:16263:6648:3341:843:843:843:2537:843:843:843:2537:843:843:843:2537:843:843:843:2537:843:843:843:2537:843:843:843:2537:843:2537:843:843:843:2537:843:843:843:2537:843:2537:843:2537:843:2537:843:843:843:843:843:843:843:2537:843:843:843:2537:843:843:843:843:843:2537:843:843:843:843:843:843:843:843:843:843:843:843:843:843:843:843:843:2537:843:843:843:843:843:2537:843:843:843:843:843:843:843:843:843:843:843:843:843:2537:843
AQ_left,raw,38,IRKitC8E5,6648:3228:843:843:843:2537:843:843:843:2537:843:843:843:2537:843:843:843:2537:843:843:843:2537:843:843:843:2537:843:2537:843:843:843:2537:843:843:843:2537:843:2537:843:2537:843:2537:843:843:843:843:843:843:843:2537:843:843:843:2537:843:843:843:843:843:2537:843:843:843:843:843:843:843:2537:843:2537:843:2537:843:843:843:2537:843:843:843:2537:843:2537:843:2537:843:843:843:843:843:843:843:843:843:843:843:843:843:843:843:65535:0:65535:0:10047:6648:3228:843:843:843:2537:843:843:843:2537:843:843:843:2537:843:843:843:2537:843:843:843:2537:843:843:843:2537:843:2537:843:843:843:2537:843:843:843:2537:843:2537:843:2537:843:2537:843:843:843:843:843:843:843:2537:843:843:843:2537:843:843:843:843:843:2537:843:843:843:843:843:843:843:2537:843:2537:843:2537:843:843:843:2537:843:843:843:2537:843:2537:843:2537:843:843:843:843:843:843:843:843:843:843:843:843:843:843:843
AQ_blue,raw,38,IRKitC8E5,6648:3228:843:843:843:2537:843:843:843:2537:843:843:843:2537:843:843:843:2537:843:843:843:2537:843:843:843:2537:843:2537:843:843:843:2537:843:843:843:2537:843:2537:843:2537:843:2537:843:843:843:843:843:843:843:2537:843:843:843:2537:843:843:843:843:843:2537:843:843:843:843:843:843:843:843:843:843:843:843:843:843:843:843:843:843:843:843:843:2537:843:843:843:2537:843:843:843:843:843:2537:843:843:843:843:843:843:843:65535:0:65535:0:16263:6648:3341:787:787:787:2537:843:843:843:2537:843:843:843:2537:843:843:843:2537:843:843:843:2537:843:843:843:2537:843:2537:843:843:843:2537:843:843:843:2537:843:2537:843:2537:843:2537:843:843:843:843:843:843:843:2537:843:843:843:2537:843:843:843:843:843:2537:843:843:843:843:843:843:843:843:843:843:843:843:843:843:843:843:843:843:843:843:843:2537:843:843:843:2537:843:843:843:843:843:2537:843:843:843:843:843:843:843
AQ_red,raw,38,IRKitC8E5,6648:3228:843:843:843:2451:843:843:843:2451:843:843:843:2451:843:843:843:2451:843:843:843:2451:843:843:843:2451:843:2451:843:843:843:2451:843:843:843:2451:843:2451:843:2451:843:2451:843:843:843:843:843:843:843:2451:843:843:843:2451:843:843:843:843:843:2451:843:843:843:843:843:843:843:2451:843:843:843:843:843:843:843:843:843:843:843:843:843:2451:843:843:843:2451:843:843:843:843:843:843:843:843:843:843:843:843:843:65535:0:65535:0:16263:6648:3341:843:843:843:2537:843:843:843:2537:843:843:843:2537:843:843:843:2537:843:843:843:2537:843:843:843:2537:843:2537:843:843:843:2537:843:843:843:2537:843:2537:843:2537:843:2537:843:843:843:843:843:843:843:2537:843:843:843:2537:843:843:843:843:843:2537:843:843:843:843:843:843:843:2537:843:843:843:843:843:843:843:843:843:843:843:843:843:2537:843:843:843:2537:843:843:843:843:843:843:843:843:843:843:843:843:843
AQ_green,raw,38,IRKitC8E5,6648:3228:843:843:843:2451:843:843:843:2451:843:843:843:2451:843:843:843:2451:843:843:843:2451:843:843:843:2451:843:2451:843:843:843:2451:843:843:843:2451:843:2451:843:2451:843:2451:843:843:843:843:843:843:843:2451:843:843:843:2451:843:843:843:843:843:2451:843:843:843:843:843:843:843:843:843:2451:843:843:843:843:843:843:843:843:843:843:843:2451:843:843:843:2451:843:843:843:843:843:2451:843:2451:843:843:843:843:843:65535:0:65535:0:13230:6648:3228:843:843:843:2451:843:843:843:2451:843:843:843:2451:843:843:843:2451:843:843:843:2451:843:843:843:2451:843:2451:843:843:843:2451:843:843:843:2451:843:2451:843:2451:843:2451:843:843:843:843:843:843:843:2451:843:843:843:2451:843:843:843:843:843:2451:843:843:843:843:843:843:843:843:843:2451:843:843:843:843:843:843:843:843:843:843:843:2451:843:843:843:2451:843:843:843:843:843:2451:843:2451:843:843:843:843:843
AQ_yellow,raw,38,IRKitC8E5,6648:3228:843:843:843:2451:843:843:843:2451:843:843:843:2451:843:843:843:2451:843:843:843:2451:843:843:843:2451:843:2451:843:843:843:2451:843:843:843:2451:843:2451:843:2451:843:2451:843:843:843:843:843:843:843:2451:843:843:843:2451:843:843:843:843:843:2451:843:843:843:843:843:843:843:2451:843:2451:843:843:843:843:843:843:843:843:843:843:843:2451:843:843:843:2451:843:843:843:843:843:843:843:2451:843:843:843:843:843
